,Name,Prize,Discount,Delivery
0,Trendy Refined Sarees,₹609,₹50 discount on 1st order,Free Delivery
1,Adrika Fabulous Sarees,₹213,₹37 discount on 1st order,Free Delivery
2,Trendy Petite Sarees,₹306,₹50 discount on 1st order,Free Delivery
3,Charvi Fashionable Sarees,₹384,₹50 discount on 1st order,Free Delivery
4,Aishani Ensemble Sarees,₹313,₹50 discount on 1st order,Free Delivery
5,Aagam Drishya Sarees,₹311,₹50 discount on 1st order,Free Delivery
6,Chitrarekha Graceful Sarees,₹227,₹39 discount on 1st order,Free Delivery
7,Banita Drishya Cotton Silk Sarees,₹592,₹50 discount on 1st order,Free Delivery
8,Myra Graceful Sarees,₹221,₹39 discount on 1st order,Free Delivery
9,Abhisarika Alluring Sarees,₹329,₹50 discount on 1st order,Free Delivery
10,Banita Pretty Sarees,₹441,₹50 discount on 1st order,Free Delivery
11,Alisha Petite Sarees,₹417,₹50 discount on 1st order,Free Delivery
12,Alisha Voguish Sarees,₹590,₹50 discount on 1st order,Free Delivery
13,Charvi Graceful Sarees,₹453,₹50 discount on 1st order,Free Delivery
14,Banita Ensemble Sarees,₹579,₹50 discount on 1st order,Free Delivery
15,Myra Pretty Sarees,₹223,₹39 discount on 1st order,Free Delivery
16,Myra Fashionable Sarees,₹492,₹50 discount on 1st order,Free Delivery
17,Abhisarika Sensational Sarees,₹307,₹50 discount on 1st order,Free Delivery
18,Jivika Fabulous Sarees,₹291,₹50 discount on 1st order,Free Delivery
19,Adrika Fashionable Sarees,₹322,₹50 discount on 1st order,Free Delivery
20,Alisha Alluring Sarees,₹278,₹48 discount on 1st order,Free Delivery
21,Kashvi Fashionable Sarees,₹366,₹50 discount on 1st order,Free Delivery
22,Aagam Fashionable Sarees,₹309,₹50 discount on 1st order,Free Delivery
23,Alisha Petite Sarees,₹302,₹50 discount on 1st order,Free Delivery
24,Alisha Sensational Sarees,₹321,₹50 discount on 1st order,Free Delivery
25,Alisha Petite Sarees,₹228,₹40 discount on 1st order,Free Delivery
26,Chitrarekha Petite Sarees,₹418,₹50 discount on 1st order,Free Delivery
27,Adrika Alluring Sarees,₹508,₹50 discount on 1st order,Free Delivery
28,Charvi Drishya Sarees,₹228,₹40 discount on 1st order,Free Delivery
29,Aagam Drishya Sarees,₹520,₹50 discount on 1st order,Free Delivery
30,Aagam Alluring Sarees,₹286,₹50 discount on 1st order,Free Delivery
31,Charvi Voguish Sarees,₹492,₹50 discount on 1st order,Free Delivery
32,Banita Alluring Sarees,₹438,₹50 discount on 1st order,Free Delivery
33,Aagam Voguish Sarees,₹562,₹50 discount on 1st order,Free Delivery
34,Aakarsha Superior Sarees,₹319,₹50 discount on 1st order,Free Delivery
35,Jivika Ensemble Sarees,₹579,₹50 discount on 1st order,Free Delivery
36,Aagam Pretty Sarees,₹297,₹50 discount on 1st order,Free Delivery
37,Abhisarika Alluring Sarees,₹261,₹45 discount on 1st order,Free Delivery
38,Trendy Petite Sarees,₹482,₹50 discount on 1st order,Free Delivery
39,Aagam Fabulous Sarees,₹201,₹35 discount on 1st order,Free Delivery
40,Chitrarekha Refined Sarees,₹501,₹50 discount on 1st order,Free Delivery
41,Abhisarika Fashionable Sarees,₹314,₹50 discount on 1st order,Free Delivery
42,Trendy Refined Sarees,₹591,₹50 discount on 1st order,Free Delivery
43,Trendy Refined Sarees,₹403,₹50 discount on 1st order,Free Delivery
44,Aagyeyi Voguish Sarees,₹309,₹50 discount on 1st order,Free Delivery
45,Aakarsha Petite Sarees,₹412,₹50 discount on 1st order,Free Delivery
46,Aagam Refined Sarees,₹424,₹50 discount on 1st order,Free Delivery
47,Adrika Attractive Sarees,₹577,₹50 discount on 1st order,Free Delivery
48,Aakarsha Ensemble Sarees,₹383,₹50 discount on 1st order,Free Delivery
49,Charvi Attractive Sarees,₹291,₹50 discount on 1st order,Free Delivery
50,Chitrarekha Fashionable Sarees,₹453,₹50 discount on 1st order,Free Delivery
51,Banita Attractive Sarees,₹329,₹50 discount on 1st order,Free Delivery
52,Chitrarekha Superior Sarees,₹286,₹50 discount on 1st order,Free Delivery
53,Trendy Pretty Sarees,₹300,₹50 discount on 1st order,Free Delivery
54,Charvi Drishya Sarees,₹240,₹42 discount on 1st order,Delivery ₹92
55,Trendy Cotton Sarees,₹286,₹50 discount on 1st order,Free Delivery
56,Myra Graceful Sarees,₹456,₹50 discount on 1st order,Free Delivery
57,Banita Superior Sarees,₹492,₹50 discount on 1st order,Free Delivery
58,Aakarsha Petite Sarees,₹210,₹37 discount on 1st order,Free Delivery
59,Aagam Sensational Sarees,₹465,₹50 discount on 1st order,Free Delivery
60,Myra Graceful Sarees,₹347,₹50 discount on 1st order,Free Delivery
61,Charvi Drishya Sarees,₹372,₹50 discount on 1st order,Free Delivery
62,Myra Attractive Sarees,₹317,₹50 discount on 1st order,Free Delivery
63,Charvi Alluring Sarees,₹219,₹38 discount on 1st order,Free Delivery
64,Alisha Attractive Sarees,₹482,₹50 discount on 1st order,Free Delivery
65,Kashvi Drishya Sarees,₹609,₹50 discount on 1st order,Free Delivery
66,Trendy Fabulous Sarees,₹592,₹50 discount on 1st order,Free Delivery
67,Aagyeyi Refined Sarees,₹312,₹50 discount on 1st order,Free Delivery
68,Aakarsha Ensemble Sarees,₹195,₹34 discount on 1st order,Free Delivery
69,Chitrarekha Fashionable Sarees,₹421,₹50 discount on 1st order,Free Delivery
70,Alisha Pretty Sarees,₹452,₹50 discount on 1st order,Free Delivery
71,Aagyeyi Attractive Sarees,₹307,₹50 discount on 1st order,Free Delivery
72,Adrika Graceful Sarees,₹221,₹38 discount on 1st order,Free Delivery
73,Adrika Refined Sarees,₹492,₹50 discount on 1st order,Free Delivery
74,Alisha Refined Sarees,₹452,₹50 discount on 1st order,Free Delivery
75,Alisha Attractive Sarees,₹532,₹50 discount on 1st order,Free Delivery
76,Aagyeyi Pretty Sarees,₹361,₹50 discount on 1st order,Free Delivery
77,Trendy Graceful Sarees,₹610,₹50 discount on 1st order,Free Delivery
78,Aakarsha Superior Sarees,₹481,₹50 discount on 1st order,Free Delivery
79,Trendy Drishya Sarees,₹641,₹50 discount on 1st order,Free Delivery
80,Adrika Fabulous Sarees,₹467,₹50 discount on 1st order,Free Delivery
81,Adrika Graceful Sarees,₹339,₹50 discount on 1st order,Free Delivery
82,Charvi Fashionable Sarees,₹342,₹50 discount on 1st order,Free Delivery
83,Myra Fabulous Sarees,₹391,₹50 discount on 1st order,Free Delivery
84,Banita Petite Sarees,₹421,₹50 discount on 1st order,Free Delivery
85,Aishani Alluring Sarees,₹392,₹50 discount on 1st order,Free Delivery
86,Aakarsha Drishya Sarees,₹617,₹50 discount on 1st order,Free Delivery
87,Aakarsha Attractive Sarees,₹276,₹48 discount on 1st order,Free Delivery
88,Myra Sensational Sarees,₹384,₹50 discount on 1st order,Free Delivery
89,Chitrarekha Attractive Sarees,₹462,₹50 discount on 1st order,Free Delivery
90,Banita Pretty Sarees,₹312,₹50 discount on 1st order,Delivery ₹92
91,Charvi Fabulous Sarees,₹228,₹40 discount on 1st order,Delivery ₹92
92,Aagam Pretty Sarees,₹655,₹50 discount on 1st order,Free Delivery
93,Jivika Petite Sarees,₹329,₹50 discount on 1st order,Free Delivery
94,Chitrarekha Ensemble Sarees,₹391,₹50 discount on 1st order,Free Delivery
95,Aishani Graceful Sarees,₹524,₹50 discount on 1st order,Free Delivery
96,Jivika Attractive Sarees,₹449,₹50 discount on 1st order,Free Delivery
97,Charvi Ensemble Sarees,₹281,₹49 discount on 1st order,Free Delivery
98,Chitrarekha Petite Sarees,₹316,₹50 discount on 1st order,Free Delivery
99,Trendy Refined Sarees,₹471,₹50 discount on 1st order,Delivery ₹92
100,Alisha Alluring Sarees,₹388,₹50 discount on 1st order,Free Delivery
101,Alisha Alluring Sarees,₹577,₹50 discount on 1st order,Free Delivery
102,Abhisarika Alluring Sarees,₹360,₹50 discount on 1st order,Free Delivery
103,Aishani Petite Sarees,₹322,₹50 discount on 1st order,Free Delivery
104,Alisha Alluring Sarees,₹288,₹50 discount on 1st order,Free Delivery
105,Abhisarika Sensational Sarees,₹422,₹50 discount on 1st order,Free Delivery
106,Aagam Graceful Sarees,₹365,₹50 discount on 1st order,Free Delivery
107,Myra Drishya Sarees,₹431,₹50 discount on 1st order,Free Delivery
108,Adrika Refined Sarees,₹444,₹50 discount on 1st order,Free Delivery
109,Trendy Alluring Sarees,₹837,₹50 discount on 1st order,Free Delivery
110,Jivika Sensational Sarees,₹510,₹50 discount on 1st order,Free Delivery
111,Myra Graceful Sarees,₹302,₹50 discount on 1st order,Free Delivery
112,Aishani Pretty Sarees,₹362,₹50 discount on 1st order,Free Delivery
113,Baluchari baluchuri meenakari silk saree 2022,₹647,₹50 discount on 1st order,Free Delivery
114,Jivika Pretty Sarees,₹453,₹50 discount on 1st order,Free Delivery
115,Aagyeyi Ensemble Sarees,₹357,₹50 discount on 1st order,Free Delivery
116,Abhisarika Voguish Sarees,₹429,₹50 discount on 1st order,Free Delivery
117,Trendy Alluring Sarees,₹422,₹50 discount on 1st order,Free Delivery
118,Chitrarekha Sensational Sarees,₹473,₹50 discount on 1st order,Free Delivery
119,Myra Fabulous Sarees,₹439,₹50 discount on 1st order,Free Delivery
120,Kashvi Drishya Sarees,₹266,₹46 discount on 1st order,Free Delivery
121,Abhisarika Drishya Sarees,₹338,₹50 discount on 1st order,Free Delivery
122,Kashvi Fabulous Sarees,₹291,₹50 discount on 1st order,Free Delivery
123,Banita Pretty Sarees,₹312,₹50 discount on 1st order,Free Delivery
124,Myra Petite Sarees,₹883,₹50 discount on 1st order,Free Delivery
125,Alisha Pretty Sarees,₹612,₹50 discount on 1st order,Free Delivery
126,Banita Refined Sarees,₹1292,₹50 discount on 1st order,Free Delivery
127,Aagam Pretty Sarees,₹411,₹50 discount on 1st order,Free Delivery
128,Aishani Ensemble Sarees,₹606,₹50 discount on 1st order,Free Delivery
129,Alisha Superior Sarees,₹492,₹50 discount on 1st order,Free Delivery
130,Aakarsha Pretty Sarees,₹343,₹50 discount on 1st order,Free Delivery
131,Banita Superior Sarees,₹460,₹50 discount on 1st order,Free Delivery
132,Chitrarekha Voguish Sarees,₹501,₹50 discount on 1st order,Free Delivery
133,Adrika Fabulous Sarees,₹204,₹35 discount on 1st order,Free Delivery
134,Chitrarekha Ensemble Sarees,₹1007,₹50 discount on 1st order,Free Delivery
135,Aakarsha Pretty Sarees,₹234,₹41 discount on 1st order,Delivery ₹92
136,Abhisarika Alluring Sarees,₹510,₹50 discount on 1st order,Free Delivery
137,Chitrarekha Sensational Sarees,₹216,₹38 discount on 1st order,Free Delivery
138,Chitrarekha Fashionable Sarees,₹400,₹50 discount on 1st order,Free Delivery
139,Trendy Sensational Sarees,₹475,₹50 discount on 1st order,Free Delivery
140,Trendy Pretty Sarees,₹255,₹44 discount on 1st order,Delivery ₹92
141,Chitrarekha Voguish Sarees,₹312,₹50 discount on 1st order,Free Delivery
142,Banita Graceful Sarees,₹531,₹50 discount on 1st order,Free Delivery
143,Kashvi Voguish Sarees,₹791,₹50 discount on 1st order,Free Delivery
144,Kashvi Attractive Sarees,₹566,₹50 discount on 1st order,Free Delivery
145,Aagyeyi Refined Sarees,₹510,₹50 discount on 1st order,Free Delivery
146,Abhisarika Graceful Sarees,₹236,₹41 discount on 1st order,Free Delivery
147,Trendy Pretty Sarees,₹407,₹50 discount on 1st order,Free Delivery
148,Aishani Voguish Sarees,₹499,₹50 discount on 1st order,Delivery ₹92
149,Aagyeyi Fabulous Sarees,₹607,₹50 discount on 1st order,Free Delivery
150,Alisha Ensemble Sarees,₹457,₹50 discount on 1st order,Free Delivery
151,Jivika Refined Sarees,₹441,₹50 discount on 1st order,Free Delivery
152,Trendy Voguish Sarees,₹367,₹50 discount on 1st order,Free Delivery
153,Kashvi Superior Sarees,₹478,₹50 discount on 1st order,Free Delivery
154,Jivika Alluring Sarees,₹663,₹50 discount on 1st order,Free Delivery
155,Stylish Women Sarees,₹522,₹50 discount on 1st order,Free Delivery
156,Kashvi Fashionable Sarees,₹234,₹41 discount on 1st order,Delivery ₹92
157,Myra Graceful Sarees,₹427,₹50 discount on 1st order,Free Delivery
158,Charvi Ensemble Sarees,₹416,₹50 discount on 1st order,Free Delivery
159,Charvi Alluring Sarees,₹447,₹50 discount on 1st order,Free Delivery
160,Kashvi Voguish Sarees,₹425,₹50 discount on 1st order,Free Delivery
161,Adrika Ensemble Sarees,₹441,₹50 discount on 1st order,Free Delivery
162,Abhisarika Ensemble Sarees,₹687,₹50 discount on 1st order,Free Delivery
163,Banita Fabulous Sarees,₹442,₹50 discount on 1st order,Free Delivery
164,Aagyeyi Ensemble Sarees,₹285,₹50 discount on 1st order,Free Delivery
165,Kashvi Graceful Sarees,₹549,₹50 discount on 1st order,Free Delivery
166,Aagam Attractive Sarees,₹312,₹50 discount on 1st order,Free Delivery
167,Aakarsha Graceful Sarees,₹620,₹50 discount on 1st order,Free Delivery
168,Chitrarekha Graceful Sarees,₹357,₹50 discount on 1st order,Free Delivery
169,Aagyeyi Graceful Sarees,₹676,₹50 discount on 1st order,Free Delivery
170,Myra Ensemble Sarees,₹608,₹50 discount on 1st order,Free Delivery
171,Charvi Ensemble Sarees,₹410,₹50 discount on 1st order,Free Delivery
172,Myra Drishya Sarees,₹311,₹50 discount on 1st order,Free Delivery
173,Myra Attractive Sarees,₹230,₹40 discount on 1st order,Delivery ₹92
174,Kashvi Graceful Sarees,₹469,₹50 discount on 1st order,Free Delivery
175,Trendy Drishya Sarees,₹417,₹50 discount on 1st order,Free Delivery
176,Abhisarika Attractive Sarees,₹268,₹47 discount on 1st order,Free Delivery
177,Trendy Fabulous Sarees,₹527,₹50 discount on 1st order,Free Delivery
178,Aakarsha Voguish Sarees,₹570,₹50 discount on 1st order,Free Delivery
179,Alisha Petite Sarees,₹393,₹50 discount on 1st order,Free Delivery
180,Aishani Petite Sarees,₹437,₹50 discount on 1st order,Free Delivery
181,Jivika Refined Net Sarees,₹710,₹50 discount on 1st order,Free Delivery
182,Banita Graceful Sarees,₹612,₹50 discount on 1st order,Free Delivery
183,Aagyeyi Sensational Sarees,₹608,₹50 discount on 1st order,Free Delivery
184,Aagyeyi Graceful Sarees,₹791,₹50 discount on 1st order,Free Delivery
185,Charvi Graceful Sarees,₹657,₹50 discount on 1st order,Free Delivery
186,Adrika Superior Sarees,₹370,₹50 discount on 1st order,Free Delivery
187,Aagyeyi Refined Sarees,₹555,₹50 discount on 1st order,Free Delivery
188,Kashvi Pretty Sarees,₹310,₹50 discount on 1st order,Free Delivery
189,Aagam Superior Sarees,₹441,₹50 discount on 1st order,Free Delivery
190,Aagam Pretty Sarees,₹297,₹50 discount on 1st order,Free Delivery
191,Charvi Ensemble Sarees,₹854,₹50 discount on 1st order,Free Delivery
192,Abhisarika Sensational Sarees,₹382,₹50 discount on 1st order,Delivery ₹92
193,Alisha Fashionable Sarees,₹322,₹50 discount on 1st order,Free Delivery
194,Aagyeyi Drishya Sarees,₹541,₹50 discount on 1st order,Free Delivery
195,Jivika Ensemble Sarees,₹413,₹50 discount on 1st order,Free Delivery
196,Aakarsha Ensemble Sarees,₹791,₹50 discount on 1st order,Free Delivery
197,Charvi Drishya Sarees,₹281,₹49 discount on 1st order,Delivery ₹92
198,Myra Petite Sarees,₹474,₹50 discount on 1st order,Free Delivery
199,Kashvi Pretty Sarees,₹294,₹50 discount on 1st order,Free Delivery
